id,title,content
1,Siege of Veloria,"Roman legions surrounded the hill city for three months, eventually forcing surrender through starvation tactics."
2,The Iron Cohort,"An elite Roman unit earned its name after holding a mountain pass against repeated barbarian assaults."
3,Edict of Grain,"A provincial governor stabilized frontier unrest by reorganizing imperial grain shipments."
4,Battle of the Twin Rivers,"Two rival Roman commanders clashed over control of key bridge crossings in northern provinces."
5,Fortress of Sand,"A desert outpost became famous for resisting nomadic raids using layered defensive walls."
6,The Lost Eagle,"A legion's captured standard triggered a decade-long campaign to restore imperial honor."
7,March on Carthae,"Roman fleets supported a coordinated coastal advance to suppress rebellion."
8,Winter at Darnum,"Harsh weather forced Roman engineers to invent heated barracks for frontier troops."
9,The Senate Conspiracy,"Political intrigue nearly halted funding for a crucial military expedition."
10,Guardians of the Rhine,"Permanent watchtowers were built to monitor crossings and signal invasions."
11,The Broken Crown,"A medieval kingdom fractured when rival heirs refused a negotiated succession."
12,Siege of Alder Keep,"Trebuchets bombarded the castle walls until defenders negotiated safe passage."
13,Knights of the Silver Banner,"A chivalric order gained fame protecting merchant caravans across dangerous trade routes."
14,The Black Harvest,"Crop failures led feudal lords to wage small border wars over fertile valleys."
15,Treaty of Five Lords,"Regional nobles united temporarily to repel a northern invasion."
16,The Stone Road Campaign,"Armies fought to control a strategic trade road linking two capitals."
17,Battle of Red Field,"Heavy cavalry charges decided the outcome of a brief but decisive clash."
18,The Monastery Pact,"Religious leaders brokered a ceasefire between warring dukes."
19,Fortress of Thornwatch,"Archers stationed on forest towers defended the realm from raiders."
20,The Crown Rebellion,"Peasant uprisings forced the monarchy to reduce wartime taxes."
21,Winter Siege of Marrowgate,"Frozen rivers allowed attackers to approach city walls unexpectedly."
22,The Mercenary Charter,"Foreign soldiers were granted land in exchange for long-term service."
23,The Silent Armada,"A medieval fleet launched a surprise night landing along the enemy coast."
24,War of Three Banners,"Competing claimants used propaganda to win support from rural provinces."
25,The Bell Tower Defense,"Town militias held a central tower that controlled access to surrounding bridges."
26,Operation Iron Bridge,"WW2 engineers rebuilt a destroyed crossing under constant artillery fire."
27,The Coastal Radar Line,"Early warning stations helped intercept incoming air raids."
28,Battle of North Ridge,"Infantry divisions fought for control of high ground overlooking supply routes."
29,Convoy HX-117,"Escort destroyers defended merchant ships against submarine attacks."
30,The Factory Evacuation,"Industrial machinery was relocated inland to avoid bombing campaigns."
31,Codebreakers of Station Alder,"Signals intelligence teams shortened the war by deciphering enemy communications."
32,Operation Snowfall,"Winter offensives relied on camouflage uniforms and mobile artillery."
33,The Desert Airlift,"Transport aircraft supplied isolated units trapped behind advancing enemy lines."
34,Battle of Harbor Seven,"Naval patrol boats prevented sabotage of critical shipping facilities."
35,The Resistance Network,"Local partisans coordinated sabotage operations against occupying forces."
36,The Armored Breakthrough,"Tank formations breached fortified defenses using concentrated assaults."
37,Defense of Hill 402,"Entrenched infantry repelled repeated mechanized attacks."
38,The Night Bomber Wing,"Low-altitude missions disrupted enemy rail movements."
39,Operation Lantern,"Special forces secured lighthouse positions to guide invasion fleets."
40,The Supply Corridor,"Maintaining a narrow logistics route proved decisive in sustaining frontline troops."
41,Fortress Europa Line,"Extensive coastal fortifications attempted to deter amphibious invasions."
42,The Eastern Counteroffensive,"Mass mobilization pushed back enemy forces after months of retreat."
43,Bridge at Kessel Town,"Paratroopers captured a key crossing hours before armored reinforcements arrived."
44,The War Production Board,"Centralized planning dramatically increased equipment output."
45,Battle of the Fog Coast,"Poor visibility caused chaotic naval engagements with heavy losses."
46,Operation Iron Shield,"Anti-aircraft networks protected industrial regions from sustained bombing."
47,The Mountain Partisans,"Irregular fighters controlled alpine passes and harassed supply convoys."
48,The Final Push,"Coordinated allied offensives overwhelmed defensive strongholds."
49,Reconstruction Mandate,"Postwar authorities prioritized rebuilding railways and ports."
50,Legacy of the Armistice,"Peace agreements reshaped borders and military alliances for decades."
51,Legion of the Eastern Sun,"A Roman auxiliary force recruited from eastern provinces became renowned for desert warfare tactics."
52,The Marble Fort,"Engineers constructed a fortified command center using reinforced stone to withstand prolonged sieges."
53,Battle of Lorian Plains,"Roman cavalry outmaneuvered tribal warriors in a decisive open-field engagement."
54,Tax Revolt of Corvinus,"Provincial citizens rebelled after harsh levies were imposed to fund distant campaigns."
55,The Frontier Canal,"Military laborers dug irrigation channels that doubled as defensive barriers."
56,Shieldwall at Bracca,"Roman infantry formed an unbroken defensive line to repel successive charges."
57,The Governor's Ultimatum,"A diplomatic threat forced neighboring tribes into a temporary alliance with Rome."
58,Siege of Portus Alba,"Naval blockades cut off the harbor city's food supply until surrender."
59,The Veteran Colonies,"Retired soldiers were settled along borders to reinforce imperial presence."
60,March of the Sixth Legion,"A rapid forced march allowed reinforcements to arrive before enemy forces expected."
61,The Iron King’s Decree,"A medieval monarch centralized control by demanding direct oaths from lesser nobles."
62,Siege of Frostholm,"Attackers tunneled beneath frozen walls to collapse key defensive towers."
63,The Golden Caravan Route,"Merchant guilds funded private guards to protect lucrative desert trade."
64,Battle of the Shattered Bridge,"Defenders destroyed the crossing mid-battle to halt an invading army."
65,The Abbey Treasury War,"Rival barons fought to control a monastery rumored to store vast wealth."
66,Order of the White Lance,"Mounted knights specialized in rapid-response defense of frontier villages."
67,The Harvest Truce,"Seasonal ceasefires allowed peasants to gather crops despite ongoing wars."
68,Fortress Highcliff,"Built atop sheer rock faces, the stronghold remained unconquered for generations."
69,The River Toll Conflict,"Trade disputes escalated into open warfare between neighboring duchies."
70,Siege Engines of Valen,"Innovative counterweight trebuchets extended bombardment range dramatically."
71,The Silver Coin Reform,"Currency standardization strengthened royal authority across feudal lands."
72,Battle of Pine Hollow,"Ambushing archers defeated a numerically superior invading force."
73,The Knightly Census,"Feudal rulers recorded military obligations to improve mobilization planning."
74,War of the Border Marches,"Small-scale skirmishes persisted for decades along disputed territories."
75,The Crown’s Hostage Pact,"Royal heirs were exchanged to guarantee temporary peace between rival kingdoms."
76,Operation Steel Harbor,"WW2 naval engineers fortified docks to maintain continuous supply landings."
77,The Arctic Convoys,"Allied shipping routes through icy waters delivered essential equipment despite heavy losses."
78,Battle of Iron Valley,"Tank engagements across narrow terrain resulted in prolonged stalemates."
79,The Strategic Fuel Reserve,"Hidden depots ensured armored divisions could continue deep offensives."
80,Operation Silent Drop,"Nighttime airborne landings secured communication hubs behind enemy lines."
81,The Coastal Minefields,"Extensive underwater defenses deterred amphibious assaults."
82,Defense of Capital Sector,"Urban barricades slowed advancing forces until reinforcements arrived."
83,The Code Relay Stations,"Encrypted communication networks coordinated multinational operations."
84,The Island Hopper Campaign,"Sequential amphibious assaults captured key bases across the region."
85,Operation Rolling Thunderhead,"Sustained artillery bombardment softened entrenched defensive positions."
86,The Merchant Fleet Conversion,"Civilian ships were retrofitted to transport troops and armored vehicles."
87,Battle of the Rail Junction,"Control of intersecting rail lines determined regional supply dominance."
88,The Desert Recon Units,"Light vehicles conducted long-range scouting across hostile terrain."
89,Operation Harbor Sweep,"Minesweepers cleared naval channels ahead of invasion convoys."
90,The Emergency Ration Act,"Governments introduced standardized food supplies for both civilians and soldiers."
91,Defense Line Gamma,"Layered bunkers forced attackers into costly frontal assaults."
92,The Factory Night Shift,"Round-the-clock production dramatically increased aircraft output."
93,Battle of Western Skies,"Large-scale dogfights determined air superiority over contested regions."
94,Operation Iron Lantern,"Mobile searchlight units tracked incoming bombers during night raids."
95,The Mountain Supply Route,"Pack animals and narrow roads sustained remote defensive garrisons."
96,Resistance Broadcast Network,"Underground radio transmitters relayed intelligence to allied command."
97,Operation Northern Spear,"A rapid armored thrust encircled retreating enemy divisions."
98,The Coastal Evacuation,"Civilian populations were relocated ahead of advancing battlefronts."
99,The Engineers’ Breakthrough,"Combat engineers cleared fortified obstacles to open invasion corridors."
100,The Postwar Alliance Charter,"Nations established mutual defense agreements to prevent future global conflict."
101,Legion of the Northern Star,"Roman commanders stationed veteran troops along the frozen frontier to deter seasonal incursions."
102,The Harbor Tax Edict,"Increased port duties funded expansion of the imperial navy."
103,Battle of Crescent Hill,"Roman skirmishers secured high terrain before the main infantry engagement began."
104,The Bronze Shield Reform,"Standardized equipment production improved battlefield coordination."
105,Siege of Tarracon Minor,"Repeated assaults failed until engineers redirected a nearby river to weaken city walls."
106,The Merchant Protection Fleet,"War galleys escorted grain shipments through pirate-infested waters."
107,Frontier Beacon Network,"Signal fires relayed invasion warnings across hundreds of miles in a single night."
108,The Legionary Oath Renewal,"Annual ceremonies reinforced loyalty among newly recruited soldiers."
109,Fort Aurelian Gate,"A fortified checkpoint regulated movement along a strategic mountain pass."
110,The Desert Alliance Pact,"Roman envoys secured cooperation from nomadic tribes through trade incentives."
111,The War of Hollow Thrones,"Medieval claimants fought over an abandoned royal title with symbolic authority."
112,Siege of Blackmere,"Flooded marshlands turned the prolonged siege into a battle of endurance."
113,The Guild Militia Charter,"Urban craftsmen organized defensive companies funded by merchant councils."
114,Battle of Eastford Crossing,"Control of a narrow bridge decided the outcome within hours."
115,The Royal Road Expansion,"Stone highways enabled faster troop movements between distant provinces."
116,The Crimson Tournament,"A ceremonial joust unexpectedly sparked a political rivalry between noble houses."
117,Fortress Ironvale,"Massive gatehouses allowed defenders to withstand years of intermittent attacks."
118,The Salt Trade Conflict,"Control of coastal salt fields ignited a regional economic war."
119,The Winter Banner Campaign,"Armies delayed conflict until frozen ground allowed heavy cavalry maneuvers."
120,The Castle Steward Revolt,"Local administrators rebelled after prolonged taxation during wartime."
121,Order of the Lantern Knights,"A small knightly brotherhood specialized in defending remote monasteries."
122,The Treaty of Rivermeet,"Neutral envoys negotiated safe trading rights along contested waterways."
123,Battle of the Amber Coast,"Naval archers dominated sea lanes with long-range incendiary arrows."
124,The Crown Armory Decree,"Centralized weapon storage ensured rapid mobilization during emergencies."
125,The Pilgrim Road Defense,"Temporary forts protected travelers from roaming bandits."
126,Operation Thunder Convoy,"WW2 supply fleets delivered armored vehicles to newly opened fronts."
127,The Radar Calibration Mission,"Technicians improved early-warning accuracy by repositioning coastal arrays."
128,Battle of Granite Ridge,"Entrenched artillery positions held off repeated armored assaults."
129,The Emergency Shipyard Program,"Temporary docks accelerated construction of escort vessels."
130,Operation Night Signal,"Covert teams disrupted enemy communication towers before major offensives."
131,The Desert Fuel Pipeline,"A hidden supply line sustained long-range mechanized operations."
132,Defense of Harbor Delta,"Anti-ship batteries protected incoming reinforcement convoys."
133,The Allied Training Initiative,"Joint exercises standardized tactics across multinational forces."
134,Battle of the Eastern Rails,"Competing armies fought fiercely for control of locomotive repair yards."
135,Operation Skyguard,"Fighter patrol rotations reduced bombing damage to industrial regions."
136,The Snowfield Encirclement,"Armored divisions trapped opposing forces during a winter retreat."
137,The Emergency Bridge Corps,"Rapid-deployment engineers assembled portable crossings within hours."
138,Operation Coastal Hammer,"Combined naval bombardment and amphibious landings secured beachheads."
139,The Intelligence Courier Line,"Motorcycle units transported encrypted documents between commands."
140,Battle of Harbor Heights,"Urban combat raged for weeks over a strategic hillside district."
141,The Strategic Rubber Reserve,"Stockpiled materials ensured continued vehicle production despite shortages."
142,Operation Iron Coast,"Heavy fortifications slowed invasion attempts long enough for reinforcements."
143,The Mountain Airstrips,"Short runways allowed supply aircraft to reach isolated defensive units."
144,The Convoy Escort Doctrine,"Revised naval tactics significantly reduced merchant ship losses."
145,Operation Northern Beacon,"Recon patrols established observation posts deep behind enemy lines."
146,The Emergency Medical Corps,"Field hospitals introduced rapid evacuation procedures for wounded troops."
147,Battle of Silver Marsh,"Armies maneuvered cautiously through difficult wetlands for weeks."
148,Operation Rolling Advance,"Coordinated infantry and armor pushes reclaimed lost territories."
149,The Reconstruction Logistics Plan,"Allied planners prioritized restoring bridges and rail systems."
150,The Veterans Settlement Act,"Postwar policies granted land to returning soldiers to stabilize frontier regions."
151,Legion of the Sapphire Coast,"Roman marines secured vital coastal settlements to maintain uninterrupted trade routes."
152,The Fortified Granaries,"Border provinces constructed reinforced storage sites to prevent famine during sieges."
153,Battle of Vindex Pass,"A narrow mountain corridor became the site of a decisive defensive victory."
154,The Imperial Road Census,"Surveyors mapped military highways to improve logistical planning."
155,Siege of Lumen Port,"A prolonged naval blockade forced the harbor city to negotiate surrender."
156,The Auxiliary Cavalry Reform,"Foreign horsemen were reorganized into standardized Roman command structures."
157,The Watchtower Accord,"Frontier tribes agreed to maintain joint patrols against raiders."
158,The Iron Tribute Conflict,"Refusal to deliver annual metal taxes sparked a regional uprising."
159,Fortress of the Red Dunes,"A desert stronghold protected inland caravan routes from ambush."
160,The Veteran Guard Edict,"Experienced soldiers were reassigned to train newly formed frontier units."
161,War of the Two Duchies,"Medieval rivals contested inheritance rights to a fertile river basin."
162,Siege of Falconreach,"Defenders relied on elevated ballista towers to repel advancing armies."
163,The Merchant Navy Compact,"Coastal towns pooled resources to build a shared defensive fleet."
164,Battle of Thorn Valley,"Hidden infantry formations launched a surprise attack from dense woodland."
165,The Royal Mint Expansion,"Increased coin production financed extended military campaigns."
166,The Knight Marshal’s Reform,"A centralized command structure replaced scattered feudal levies."
167,Fortress Greyspire,"Tall stone towers allowed early detection of approaching siege forces."
168,The Timber War,"Competition over forest resources escalated into prolonged border conflicts."
169,The Abbey Grain Pact,"Religious institutions provided emergency supplies in exchange for tax exemptions."
170,The Banner Council,"Regional nobles formed a temporary alliance to counter foreign invasion."
171,Battle of Eastwatch Plains,"Heavy infantry formations clashed in one of the era’s largest field battles."
172,The Harbor Chain Defense,"Massive iron chains were stretched across ports to block enemy fleets."
173,The Crown Survey Initiative,"Land assessments improved the efficiency of feudal taxation."
174,The Winter March Accord,"Opposing armies paused campaigns during severe seasonal storms."
175,Order of the Golden Spur,"Elite cavalry units were tasked with protecting royal envoys."
176,Operation Iron Convoy,"WW2 merchant fleets transported vital raw materials across contested seas."
177,The Coastal Air Defense Grid,"Integrated radar and artillery systems reduced bombing effectiveness."
178,Battle of Ridgepoint Sector,"Entrenched defenders slowed a major mechanized offensive."
179,The Emergency Steel Program,"Industrial output surged through centralized wartime planning."
180,Operation Silent Harbor,"Special teams sabotaged enemy dock facilities before naval assaults."
181,The Arctic Recon Patrols,"Small scouting units gathered intelligence in extreme northern conditions."
182,Defense of Central Junction,"Railway hubs were heavily fortified to maintain supply continuity."
183,Operation Thunder Bridge,"Engineers rebuilt a destroyed crossing overnight under enemy fire."
184,The Allied Logistics Council,"Coordinated planning improved distribution of ammunition and fuel."
185,Battle of Crimson Shore,"Amphibious landings faced fierce resistance along fortified beaches."
186,The Mobile Repair Battalions,"Frontline workshops restored damaged tanks within hours."
187,Operation Night Beacon,"Coastal signal units guided friendly bombers through heavy fog."
188,The Desert Fortification Line,"A chain of bunkers secured key approaches to inland cities."
189,Battle of Northern Fields,"Large-scale armored clashes determined regional control."
190,The Convoy Air Escort Doctrine,"Long-range fighters began accompanying shipping routes."
191,Operation Granite Wall,"Massive defensive barriers slowed advancing enemy divisions."
192,The Intelligence Debrief Initiative,"Captured documents provided insight into enemy strategy."
193,Battle of Harbor Junction,"Urban combat erupted around a vital shipping terminal."
194,The Emergency Aviation Schools,"Accelerated training programs produced thousands of new pilots."
195,Operation Rolling Supply,"Continuous truck convoys maintained momentum of advancing forces."
196,The Mountain Defense Brigades,"Specialized troops protected narrow alpine transit routes."
197,Operation Steel Dawn,"A coordinated dawn offensive reclaimed several strategic towns."
198,The Reconstruction Finance Act,"Governments allocated resources to rebuild damaged infrastructure."
199,The Veterans Employment Corps,"Returning soldiers were integrated into national construction projects."
200,The Continental Security Charter,"Postwar treaties established cooperative defense arrangements across allied nations."
201,Legion of the Western March,"Roman commanders deployed seasoned troops to stabilize newly annexed frontier territories."
202,The Stone Aqueduct Defense,"Engineers fortified a major water supply route to prevent sabotage during wartime."
203,Battle of Aurelia Ford,"Control of a shallow river crossing determined the outcome of the campaign."
204,The Imperial Messenger Corps,"Relay riders ensured rapid communication between distant garrisons."
205,Siege of Castra Nova,"A fortified camp evolved into a permanent city after years of military occupation."
206,The Grain Fleet Escort,"Naval patrols protected food shipments destined for the capital."
207,The Bronze Standard Reform,"Uniform equipment manufacturing improved reliability across legions."
208,Fortress of High Sand,"Elevated ramparts allowed defenders to repel repeated desert assaults."
209,The Border Market Pact,"Trade agreements reduced tensions between Rome and neighboring tribes."
210,The Veteran Training Fields,"Retired centurions established academies to train new recruits."
211,War of the Crimson Duke,"A medieval noble launched expansion campaigns against neighboring baronies."
212,Siege of Riverhold,"Attackers diverted nearby streams to weaken defensive moats."
213,The Guild Coin Alliance,"Merchant organizations issued standardized trade currency across cities."
214,Battle of Long Meadow,"Infantry lines fought a prolonged engagement lasting several days."
215,The Royal Beacon Towers,"Signal fires coordinated troop movements across distant provinces."
216,Order of the Iron Mantle,"A knightly order specialized in defending royal caravans."
217,Fortress Dawnwatch,"A coastal stronghold monitored incoming fleets from distant horizons."
218,The Timber Levy Revolt,"Peasants rebelled against increased wood collection for siege engines."
219,The Crown Cavalry Muster,"Annual assemblies ensured mounted forces remained battle-ready."
220,The Abbey Sanctuary Treaty,"Religious lands were declared neutral zones during regional conflicts."
221,Battle of Stonebridge Crossing,"A narrow stone span became the focal point of a decisive clash."
222,The Harbor Customs Charter,"New regulations improved taxation efficiency on imported goods."
223,The Banner of Unity Campaign,"Multiple duchies combined forces to repel an external invasion."
224,The Iron Bell Warning System,"Cities installed large bells to signal sudden attacks."
225,The Winter Fortress Agreement,"Temporary truces allowed rebuilding of damaged fortifications."
226,Operation Coastal Shield,"WW2 defensive batteries protected major shipping ports."
227,The Allied Rail Restoration,"Engineers repaired damaged tracks to accelerate supply movement."
228,Battle of Hillfront Sector,"Entrenched artillery controlled the surrounding battlefield."
229,The Emergency Fuel Convoys,"Protected tanker shipments ensured continued mechanized operations."
230,Operation Silent Current,"Submarines conducted reconnaissance along enemy coastlines."
231,The Industrial Labor Mobilization,"Civilian workers were reassigned to essential wartime factories."
232,Defense of Delta Airfield,"Fighter squadrons protected a crucial logistics airport."
233,Operation Iron Landing,"Amphibious troops secured a contested shoreline under heavy fire."
234,The Radar Expansion Network,"New installations extended early-warning coverage across regions."
235,Battle of Crossroads City,"Urban street fighting determined control of transportation hubs."
236,The Mobile Field Kitchens,"Improved rations boosted morale among frontline units."
237,Operation Night Convoy,"Darkness provided cover for high-risk resupply missions."
238,The Strategic Aluminum Reserve,"Stockpiles ensured continued aircraft manufacturing."
239,Battle of East Harbor,"Naval artillery exchanges damaged both defending and attacking fleets."
240,The Engineer Assault Teams,"Specialized units cleared obstacles ahead of advancing infantry."
241,Operation Steel Corridor,"Armored columns secured a narrow route linking allied fronts."
242,The Communications Relay Trucks,"Mobile transmitters maintained coordination during fast offensives."
243,Battle of Northern Ridgeway,"Infantry divisions fought to secure elevated observation points."
244,The Emergency Hospital Ships,"Converted vessels treated wounded soldiers near combat zones."
245,Operation Granite Spear,"A concentrated breakthrough shattered entrenched defensive lines."
246,The Mountain Supply Convoys,"Tracked vehicles transported equipment through rugged terrain."
247,Operation Harbor Renewal,"Rapid repairs restored damaged docks to operational capacity."
248,The War Bonds Initiative,"Civilian investment campaigns funded large-scale military production."
249,The Veterans Housing Program,"Governments constructed new communities for returning troops."
250,The Global Security Accord,"Postwar diplomatic agreements established long-term international cooperation."
251,Legion of the Silver Frontier,"Roman patrol units guarded mineral-rich borderlands against organized raids."
252,The Harbor Grain Reserves,"Strategic storage facilities ensured the capital could endure prolonged blockades."
253,Battle of Ventus Hills,"Swift cavalry maneuvers secured the elevated terrain before enemy reinforcements arrived."
254,The Imperial Survey Decree,"Cartographers were commissioned to map newly conquered territories for military planning."
255,Siege of Port Helion,"Combined naval and land assaults forced the surrender of the fortified harbor."
256,The Auxiliary Archer Cohorts,"Specialized ranged units from allied regions strengthened legion formations."
257,The Frontier Treaty of Lora,"Diplomatic negotiations temporarily stabilized relations with neighboring tribes."
258,Fortress of the Twin Gates,"A dual-entry stronghold controlled access to a vital inland trade route."
259,The Veteran Settlement Program,"Discharged soldiers received farmland in contested provinces to reinforce loyalty."
260,The River Fleet Expansion,"Additional patrol ships secured inland waterways from piracy."
261,War of the Sapphire Crown,"Medieval rivals contested succession after the sudden death of a monarch."
262,Siege of Northwall Keep,"Defenders relied on boiling oil and reinforced gates to repel attackers."
263,The Merchant League Defense Pact,"Trading cities formed alliances to protect shared commercial interests."
264,Battle of Golden Fields,"Heavy infantry engagements determined the fate of a fertile agricultural region."
265,The Royal Tax Reforms,"Streamlined collection systems improved funding for military campaigns."
266,Order of the Falcon Knights,"Elite cavalry units specialized in reconnaissance across open plains."
267,Fortress Brightwatch,"A lighthouse-fort combination guided friendly fleets while spotting enemy sails."
268,The Ironwood Conflict,"Competing kingdoms fought for control of dense forests used for shipbuilding."
269,The Abbey Chronicle Accord,"Monastic scribes documented territorial agreements to prevent disputes."
270,The Banner Muster of Elden,"Regional lords assembled their levies for a large-scale defensive campaign."
271,Battle of Highridge Pass,"Narrow mountain terrain favored defenders holding elevated positions."
272,The Crown Armory Expansion,"Centralized weapon workshops increased production of standardized arms."
273,The Coastal Beacon Network,"Signal fires warned coastal towns of approaching fleets."
274,The Harvest Peace Edict,"Temporary ceasefires were declared during planting and harvest seasons."
275,The River Toll Treaty,"Neighboring states negotiated shared taxation rights over major crossings."
276,Operation Steel Convoy,"WW2 transport fleets delivered armored vehicles to newly opened fronts."
277,The Strategic Airfield Initiative,"Rapid construction created forward bases for fighter squadrons."
278,Battle of Western Corridor,"Control of a narrow transportation route shaped the campaign outcome."
279,The Emergency Fuel Rationing Act,"Civilian restrictions preserved resources for military operations."
280,Operation Silent Shore,"Commando units destroyed coastal radar installations before invasion."
281,The Arctic Supply Flights,"Cargo aircraft delivered equipment to isolated northern units."
282,Defense of Central Harbor,"Heavy anti-aircraft guns protected the main naval logistics center."
283,Operation Iron Rail,"Military engineers rebuilt bombed railway lines to maintain supply chains."
284,The Allied Command Conference,"Strategic leaders coordinated joint multinational offensives."
285,Battle of Iron Plateau,"Armored divisions clashed across open terrain with heavy losses."
286,The Mobile Communications Corps,"Truck-mounted radio units ensured constant battlefield coordination."
287,Operation Dawn Landing,"Amphibious troops captured key shoreline defenses at first light."
288,The Industrial Output Directive,"Government planning boards set mandatory production quotas."
289,Battle of Eastgate City,"Street-by-street combat determined control of the regional capital."
290,The Convoy Escort Carrier Program,"Small aircraft carriers improved air protection for shipping lanes."
291,Operation Northern Hammer,"A rapid winter offensive forced enemy withdrawals across the front."
292,The Field Engineering Brigades,"Specialists constructed bridges and fortifications under combat conditions."
293,Battle of Silver Coast,"Naval bombardments supported ground troops advancing inland."
294,The Emergency Medical Evacuation Plan,"Air transport reduced mortality rates among wounded soldiers."
295,Operation Granite Advance,"Infantry and armor units pushed through fortified defensive belts."
296,The Mountain Radar Stations,"High-altitude installations expanded early-warning coverage."
297,Operation Harbor Lifeline,"Continuous resupply missions sustained besieged allied positions."
298,The Reconstruction Transport Act,"Rail and shipping systems were rapidly restored after liberation."
299,The Veterans Reintegration Program,"Governments provided employment training for returning servicemen."
300,The Continental Defense Union,"Postwar alliances formed cooperative military planning frameworks."
301,Legion of the Eastern Frontier,"Roman commanders established a rotating garrison system to maintain constant border readiness."
302,The Imperial Dockyards,"Expanded shipyards increased naval patrol capacity across the inner seas."
303,Battle of the Scarlet Ridge,"Legionary formations secured the elevated ground after a fierce dawn assault."
304,The Census of Arms,"An empire-wide inventory ensured all garrisons met equipment standards."
305,Siege of Valeria Port,"Blockading fleets cut off trade until the fortified city surrendered."
306,The Desert Signal Towers,"Watch posts relayed warnings of nomadic incursions across vast distances."
307,The Auxiliary Spear Reform,"Training programs standardized tactics among allied infantry units."
308,Fortress Argentum,"A mining settlement was fortified to protect vital silver production."
309,The Grain Convoy Act,"Strict escort regulations reduced losses of food shipments to raiders."
310,The Veteran Legion Reserve,"Retired soldiers formed a rapid-response defense force for emergencies."
311,War of the Broken Seal,"Medieval kingdoms disputed a revoked royal charter granting territorial rights."
312,Siege of Frostgate Castle,"Attackers relied on prolonged blockade rather than direct assault."
313,The Merchant Council Fleet,"Trade guilds funded patrol vessels to protect coastal commerce."
314,Battle of Green Hollow,"Ambush tactics allowed a smaller defending army to defeat invaders."
315,The Royal Road Patrols,"Mounted guards ensured the safety of long-distance travelers."
316,Order of the Crimson Cloak,"A secretive knightly order specialized in diplomatic escort missions."
317,Fortress Riverguard,"Massive stone walls protected the only crossing for miles."
318,The Salt Harbor Dispute,"Rival lords clashed over control of lucrative export docks."
319,The Crown Tax Standardization,"Unified taxation strengthened central authority over feudal regions."
320,The Banner Alliance of Northreach,"Several minor baronies united to resist expansion by a neighboring realm."
321,Battle of Ember Plains,"Cavalry charges determined the swift outcome of a decisive engagement."
322,The Abbey Safehaven Pact,"Monasteries offered refuge to civilians during wartime sieges."
323,The Timber Supply Accord,"Kingdoms negotiated shared access to vital shipbuilding forests."
324,The Knightly Muster Edict,"Annual inspections ensured feudal levies remained combat-ready."
325,The Winter Truce of Stonevale,"Opposing forces halted campaigns due to extreme seasonal conditions."
326,Operation Steel Harbor Convoy,"WW2 naval escorts defended supply ships entering contested ports."
327,The Allied Radar Upgrade,"Improved detection systems extended early-warning coverage."
328,Battle of Iron Junction,"Control of a railway interchange determined logistical superiority."
329,The Emergency Aircraft Expansion,"Accelerated factory programs increased fighter production."
330,Operation Silent Bridge,"Commandos secured intact river crossings ahead of advancing troops."
331,The Fuel Depot Camouflage Plan,"Hidden storage sites reduced vulnerability to bombing."
332,Defense of Coastal Sector Nine,"Layered artillery positions repelled repeated amphibious probes."
333,Operation Rolling Rail,"Rapid repairs restored damaged transportation lines within days."
334,The Joint Command Directive,"Unified leadership improved coordination between allied armies."
335,Battle of Granite Hills,"Entrenched defenders delayed an advancing armored corps for weeks."
336,The Mobile Anti-Air Units,"Truck-mounted guns provided flexible air defense coverage."
337,Operation Northern Convoy Shield,"Escort carriers protected shipping lanes through hostile waters."
338,The Industrial Night Production Act,"Factories operated continuously to meet wartime demands."
339,Battle of Harbor East,"Naval engagements erupted as fleets contested docking facilities."
340,The Engineer Rapid Build Teams,"Prefabricated materials allowed fast construction of defensive positions."
341,Operation Dawn Spearhead,"A concentrated armored push broke through defensive lines at sunrise."
342,The Field Communications Upgrade,"Portable radios improved coordination among frontline platoons."
343,Battle of the Marsh Corridor,"Difficult terrain slowed both advancing and retreating forces."
344,The Emergency Hospital Network,"Expanded field hospitals reduced transport times for wounded soldiers."
345,Operation Mountain Shield,"Specialized units fortified alpine passes against surprise attacks."
346,The Strategic Steel Allocation Board,"Central planning prioritized armor and artillery manufacturing."
347,Operation Harbor Recovery,"Repair crews restored bomb-damaged docks within weeks."
348,The Reconstruction Trade Initiative,"Postwar agreements reopened international shipping routes."
349,The Veterans Education Program,"Returning soldiers received state-funded technical training."
350,The Global Defense Framework,"Allied nations established coordinated planning for long-term security cooperation."
351,Legion of the Iron Coast,"Roman naval infantry secured vulnerable shorelines against sudden pirate incursions."
352,The Imperial Fortification Drive,"A large-scale construction program reinforced border defenses across multiple provinces."
353,Battle of the Golden Ford,"Legionaries captured a key river crossing after a coordinated flanking maneuver."
354,The Provincial Supply Census,"Administrators cataloged regional resources to improve wartime logistics."
355,Siege of Portus Vela,"Naval artillery bombarded harbor defenses before the final assault."
356,The Auxiliary Scout Wings,"Light cavalry units provided early reconnaissance for advancing legions."
357,The Frontier Peace Accord,"Diplomats negotiated temporary stability between rival tribal coalitions."
358,Fortress of Silver Ridge,"Strategically placed towers guarded access to mountain mining routes."
359,The Veteran Training Legions,"Experienced soldiers were assigned to newly formed regiments as instructors."
360,The Grain Reserve Mandate,"Emergency stockpiles were distributed among frontier garrisons."
361,War of the Emerald Banner,"Medieval factions fought for control of a wealthy coastal kingdom."
362,Siege of Westwatch Keep,"Defenders endured months of isolation before reinforcements arrived."
363,The Merchant Guard Compact,"Trading guilds hired professional soldiers to escort caravans."
364,Battle of Stonefield,"Heavy infantry clashes dominated the battlefield for an entire day."
365,The Royal Port Expansion,"Harbor improvements increased the kingdom’s naval capacity."
366,Order of the Iron Griffin,"A knightly brotherhood specialized in defending royal fortresses."
367,Fortress Dawncrest,"Hilltop battlements provided early detection of approaching armies."
368,The Border Toll Conflict,"Neighboring lords clashed over lucrative trade checkpoint revenues."
369,The Crown Coinage Reform,"Uniform currency standards improved commerce across feudal territories."
370,The Banner Summit Treaty,"Regional rulers negotiated a temporary alliance against external threats."
371,Battle of Frostplain,"Winter conditions forced armies into slow, grinding engagements."
372,The Abbey Refuge Charter,"Religious sanctuaries offered protection to displaced villagers."
373,The Timber Fleet Initiative,"Shipbuilding programs expanded naval patrol capabilities."
374,The Knightly Service Registry,"Feudal obligations were formally recorded to ensure mobilization readiness."
375,The Harvest Truce of Larkspur,"Opposing forces agreed to suspend hostilities during critical farming months."
376,Operation Iron Lifeline,"WW2 convoys maintained essential supply routes under heavy enemy pressure."
377,The Strategic Radar Chain,"Linked detection stations improved early warning against air raids."
378,Battle of Central Ridge,"Control of elevated terrain determined regional battlefield dominance."
379,The Emergency Vehicle Rationing Act,"Fuel allocations prioritized military transport units."
380,Operation Silent Crossing,"Paratroopers secured bridges ahead of a major ground advance."
381,The Arctic Escort Missions,"Naval patrols protected shipments traveling through northern waters."
382,Defense of Harbor District Five,"Anti-aircraft batteries shielded critical warehouse zones."
383,Operation Rolling Repair,"Engineering teams restored damaged roads during active campaigns."
384,The Allied Strategy Council,"Joint planning sessions coordinated simultaneous multinational offensives."
385,Battle of Iron Valley Pass,"Armored divisions clashed in a narrow mountain corridor."
386,The Mobile Field Workshops,"Forward repair units quickly returned damaged vehicles to service."
387,Operation Coastal Thunder,"Combined naval bombardment and landing forces captured key beaches."
388,The Industrial Resource Allocation Board,"Central authorities directed materials toward priority weapons production."
389,Battle of East Rail Terminal,"Urban fighting centered on control of a massive logistics hub."
390,The Convoy Air Patrol Expansion,"Long-range aircraft extended protection over shipping lanes."
391,Operation Northern Breakthrough,"Winter offensives shattered entrenched defensive positions."
392,The Communications Relay Corps,"Dedicated signal units ensured uninterrupted command coordination."
393,Battle of Harbor Heights Sector,"Troops fought for control of overlooking artillery positions."
394,The Emergency Medical Airlift,"Aircraft evacuated wounded soldiers from frontline zones."
395,Operation Granite Shield,"Extensive defensive fortifications delayed advancing enemy forces."
396,The Mountain Logistics Battalion,"Specialized transport units maintained supply lines through rugged terrain."
397,Operation Harbor Restoration,"Rapid reconstruction returned bomb-damaged ports to operation."
398,The Reconstruction Finance Commission,"Governments organized funding to rebuild infrastructure after the war."
399,The Veterans Industrial Employment Act,"Returning soldiers were integrated into national manufacturing sectors."
400,The International Security Compact,"Postwar agreements established long-term cooperative defense planning."
401,Legion of the Northern Shield,"Roman forces established fortified winter camps to maintain year-round border defense."
402,The Imperial Arsenal Expansion,"New weapon foundries increased the production of standardized military equipment."
403,Battle of Redwater Crossing,"A surprise dawn assault secured the vital bridge for advancing legions."
404,The Provincial Harbor Guard,"Special naval detachments protected trade ports from sudden raids."
405,Siege of Castellum Prime,"A prolonged encirclement forced the garrison to surrender after supplies dwindled."
406,The Auxiliary Rider Cohorts,"Mounted units from allied tribes provided rapid reconnaissance capabilities."
407,The Frontier Tribute Accord,"Negotiated payments ensured temporary peace with neighboring clans."
408,Fortress of Twin Bastions,"Massive double-layered walls made the stronghold nearly impregnable."
409,The Veteran Command Schools,"Experienced officers trained future battlefield commanders."
410,The Grain Route Patrol,"Regular escorts reduced bandit attacks on agricultural supply caravans."
411,War of the Sapphire Throne,"Medieval nobles fought over succession after the king died without heirs."
412,Siege of Ironwatch Tower,"Defenders used elevated artillery to repel repeated siege attempts."
413,The Merchant Guild Convoys,"Trade alliances organized heavily guarded caravans across contested lands."
414,Battle of Broadmoor,"Infantry lines engaged in a long stalemate before cavalry broke the deadlock."
415,The Royal Beacon Expansion,"Additional signal towers improved communication between frontier forts."
416,Order of the White Falcon,"Elite knights specialized in scouting and rapid response missions."
417,Fortress Stormgate,"Strategically positioned gates controlled access to a vital mountain valley."
418,The River Trade Dispute,"Competing kingdoms fought for control of profitable shipping lanes."
419,The Crown Revenue Reform,"Improved tax systems increased funding for military modernization."
420,The Banner Alliance of Westreach,"Several duchies formed a coalition to counter a powerful invader."
421,Battle of Frostwood,"Dense forests slowed maneuvering, leading to prolonged engagements."
422,The Abbey Relief Pact,"Religious institutions supplied food to towns affected by sieges."
423,The Timber Reserve Act,"Royal decrees protected forests needed for ship construction."
424,The Knightly Muster Festival,"Annual gatherings combined military inspection with ceremonial celebrations."
425,The Harvest Peace of Greenvale,"A temporary ceasefire allowed farmers to collect crops safely."
426,Operation Steel Harbor Shield,"WW2 naval defenses protected vital shipbuilding facilities."
427,The Allied Radar Calibration Program,"Technical upgrades improved aircraft detection accuracy."
428,Battle of Iron Plains,"Massed tank formations clashed across open countryside."
429,The Emergency Fuel Distribution Board,"Centralized planning ensured priority delivery to frontline units."
430,Operation Silent Ridge,"Commando teams captured observation posts overlooking invasion routes."
431,The Arctic Weather Recon Flights,"Aircraft gathered meteorological intelligence for naval operations."
432,Defense of Delta Rail Junction,"Fortified positions secured a key supply intersection."
433,Operation Rolling Convoy Guard,"Escort vehicles accompanied logistics columns through hostile zones."
434,The Joint Offensive Directive,"Allied commanders coordinated simultaneous advances on multiple fronts."
435,Battle of Harbor Gate,"Intense urban combat erupted around the main port entrance."
436,The Mobile Anti-Tank Units,"Rapid deployment teams countered advancing armored formations."
437,Operation Coastal Spear,"Amphibious forces landed at several points to divide enemy defenses."
438,The Industrial Workforce Mobilization,"Civilian labor programs expanded wartime production capacity."
439,Battle of Northern Escarpment,"High cliffs provided defenders with a significant tactical advantage."
440,The Communications Encryption Upgrade,"Improved coding systems reduced interception risks."
441,Operation Granite Thunder,"Heavy artillery barrages preceded a decisive infantry advance."
442,The Mountain Air Supply Command,"Transport planes sustained isolated units in rugged regions."
443,Battle of East Dockyards,"Naval clashes determined control of critical maintenance facilities."
444,The Emergency Field Hospital Initiative,"Rapid construction units established medical centers near frontlines."
445,Operation Iron Corridor Advance,"Armored columns secured a narrow passage connecting allied sectors."
446,The Reconstruction Rail Authority,"Postwar planners focused on restoring continental train networks."
447,The Veterans Land Grant Policy,"Returning soldiers received farmland to support rural recovery."
448,Operation Harbor Rebuild,"Engineering brigades restored damaged coastal infrastructure."
449,The Allied Economic Recovery Council,"Nations coordinated rebuilding efforts across liberated territories."
450,The Global Stability Charter,"International agreements established long-term frameworks for cooperative defense."
451,Legion of the Western Rampart,"Roman engineers constructed reinforced border walls to secure recently conquered lands."
452,The Imperial Supply Registry,"Central recordkeeping improved allocation of weapons and provisions to distant garrisons."
453,Battle of the Amber Crossing,"Legionary forces seized a strategic bridge after intense close-quarters combat."
454,The Harbor Defense Cohorts,"Special naval infantry units were assigned to protect major trading ports."
455,Siege of Fort Dalmora,"A lengthy blockade exhausted defenders before the final assault succeeded."
456,The Auxiliary Horse Archers,"Allied mounted archers provided flexible ranged support during open-field battles."
457,The Frontier Market Agreement,"Trade concessions reduced tensions between Rome and neighboring tribes."
458,Fortress of Iron Summit,"A mountaintop citadel served as the command hub for regional military operations."
459,The Veteran Reserve Command,"Retired soldiers were recalled during emergencies to reinforce depleted legions."
460,The Grain Caravan Escort,"Heavily guarded supply convoys ensured steady food delivery to frontier camps."
461,War of the Broken Crown,"Medieval factions competed for the throne after a disputed coronation."
462,Siege of Ravenshold,"Defenders relied on hidden tunnels to maintain supply lines during the encirclement."
463,The Merchant League Armada,"Coastal cities financed a defensive fleet to protect trade routes."
464,Battle of Stoneford,"A decisive cavalry maneuver shattered the opposing army’s defensive line."
465,The Royal Fortress Renovation,"Outdated castles were upgraded with improved defensive towers."
466,Order of the Golden Shield,"A knightly order dedicated itself to guarding royal treasuries."
467,Fortress Highwater,"Riverside fortifications prevented enemy crossings for decades."
468,The Border Tariff Conflict,"Rising customs duties triggered military confrontations between neighboring realms."
469,The Crown Coin Reform,"Uniform minting standards stabilized trade across the kingdom."
470,The Banner Pact of Eastvale,"Minor lords united temporarily to resist foreign expansion."
471,Battle of Winterfield,"Snow-covered terrain slowed both armies, resulting in a prolonged engagement."
472,The Abbey Relief Convoys,"Monastic networks transported food to famine-stricken towns."
473,The Timber Fleet Expansion,"Shipyards increased production to counter growing naval threats."
474,The Knightly Muster Rolls,"Detailed registries ensured accurate counts of feudal military obligations."
475,The Harvest Ceasefire of Alder Plains,"Seasonal agreements paused warfare to protect agricultural output."
476,Operation Iron Convoy Guard,"WW2 escort destroyers protected merchant shipping from submarine attacks."
477,The Strategic Radar Extension,"New installations filled coverage gaps along the coastline."
478,Battle of Central Valley Sector,"Armored divisions fought fiercely for control of open farmland."
479,The Emergency Fuel Storage Plan,"Hidden depots ensured operational readiness during supply disruptions."
480,Operation Silent Harbor Strike,"Commando teams sabotaged enemy dock facilities before invasion."
481,The Arctic Naval Patrols,"Ice-capable vessels escorted convoys through hazardous northern seas."
482,Defense of Junction Airbase,"Fighter squadrons defended a critical logistics airport."
483,Operation Rolling Bridge,"Portable bridge units enabled rapid troop crossings during offensives."
484,The Allied Strategic Planning Council,"Joint command meetings coordinated long-term military objectives."
485,Battle of Granite Pass,"Defenders used narrow terrain to offset the enemy’s numerical advantage."
486,The Mobile Repair Convoys,"Traveling workshops restored damaged vehicles directly behind the front."
487,Operation Coastal Breaker,"Combined naval and ground assaults captured heavily fortified beaches."
488,The Industrial Production Mandate,"Government directives required factories to meet strict wartime quotas."
489,Battle of East Harbor Channel,"Naval engagements determined control of shipping access routes."
490,The Convoy Air Escort Program,"Long-range fighters extended protection for distant maritime convoys."
491,Operation Northern Encirclement,"Rapid mechanized movements surrounded retreating enemy forces."
492,The Communications Signal Corps,"Dedicated radio teams maintained constant battlefield coordination."
493,Battle of Ridgepoint Heights,"Artillery positioned on high ground dominated the surrounding battlefield."
494,The Emergency Medical Transport Fleet,"Converted aircraft evacuated wounded soldiers quickly."
495,Operation Granite Line Defense,"A network of bunkers slowed the advance of attacking armies."
496,The Mountain Logistics Initiative,"Tracked transport vehicles supplied troops in difficult terrain."
497,Operation Harbor Recovery Teams,"Engineering units rapidly restored damaged dockyards to service."
498,The Reconstruction Trade Network,"Postwar agreements reopened vital international shipping lanes."
499,The Veterans Workforce Integration Act,"Returning soldiers were offered employment in national infrastructure projects."
500,The Continental Defense Partnership,"Allied nations formalized joint planning to maintain long-term regional stability."
